CREATE DATABASE IF NOT EXISTS `springboot`;
USE `springboot`;
-- MySQL dump 10.13  Distrib 8.0.23, for Win64 (x86_64)
--
-- Host: localhost    Database: springboot
-- ------------------------------------------------------
-- Server version	8.0.23

/*!40101 SET @OLD_CHARACTER_SET_CLIENT=@@CHARACTER_SET_CLIENT */;
/*!40101 SET @OLD_CHARACTER_SET_RESULTS=@@CHARACTER_SET_RESULTS */;
/*!40101 SET @OLD_COLLATION_CONNECTION=@@COLLATION_CONNECTION */;
/*!50503 SET NAMES utf8 */;
/*!40103 SET @OLD_TIME_ZONE=@@TIME_ZONE */;
/*!40103 SET TIME_ZONE='+00:00' */;
/*!40014 SET @OLD_UNIQUE_CHECKS=@@UNIQUE_CHECKS, UNIQUE_CHECKS=0 */;
/*!40014 SET @OLD_FOREIGN_KEY_CHECKS=@@FOREIGN_KEY_CHECKS, FOREIGN_KEY_CHECKS=0 */;
/*!40101 SET @OLD_SQL_MODE=@@SQL_MODE, SQL_MODE='NO_AUTO_VALUE_ON_ZERO' */;
/*!40111 SET @OLD_SQL_NOTES=@@SQL_NOTES, SQL_NOTES=0 */;

--
-- Table structure for table `category`
--

DROP TABLE IF EXISTS `category`;
/*!40101 SET @saved_cs_client     = @@character_set_client */;
/*!50503 SET character_set_client = utf8mb4 */;
CREATE TABLE `category` (
  `id` bigint NOT NULL AUTO_INCREMENT,
  `createdby` varchar(255) DEFAULT NULL,
  `createddate` datetime DEFAULT NULL,
  `modifiedby` varchar(255) DEFAULT NULL,
  `modifieddate` datetime DEFAULT NULL,
  `code` varchar(255) DEFAULT NULL,
  `name` varchar(255) DEFAULT NULL,
  PRIMARY KEY (`id`)
) ENGINE=InnoDB AUTO_INCREMENT=12 DEFAULT CHARSET=utf8;
/*!40101 SET character_set_client = @saved_cs_client */;

--
-- Dumping data for table `category`
--

LOCK TABLES `category` WRITE;
/*!40000 ALTER TABLE `category` DISABLE KEYS */;
INSERT INTO `category` VALUES (1,'admin','2021-06-14 12:30:44','admin','2021-06-14 12:30:44','the-thao','Thể thao'),(2,'admin','2021-06-14 12:32:44','admin','2021-06-14 12:32:44','the-gioi','Thế giới'),(3,'admin','2021-06-14 12:40:44','admin','2021-06-14 12:40:44','thoi-su','Thời sự'),(4,'admin','2021-06-14 12:41:08','admin','2021-06-14 12:41:08','kinh-doanh','Kinh doanh'),(5,'admin','2021-06-14 12:41:25','admin','2021-06-14 12:41:25','giai-tri','Giải trí'),(6,'admin','2021-06-14 12:41:41','admin','2021-06-14 12:41:41','phap-luat','Pháp luật'),(7,'admin','2021-06-14 12:41:59','admin','2021-06-14 12:41:59','du-lich','Du lịch'),(8,'admin','2021-06-14 12:42:07','admin','2021-06-14 12:42:07','khoa-hoc','Khoa học'),(9,'admin','2021-06-24 00:41:40','admin','2021-06-24 00:41:40','xa-hoi','Xã hội'),(10,'admin','2021-07-30 20:31:24','admin','2021-07-30 20:31:24','cong-nghe','Công nghệ');
/*!40000 ALTER TABLE `category` ENABLE KEYS */;
UNLOCK TABLES;

--
-- Table structure for table `new`
--

DROP TABLE IF EXISTS `new`;
/*!40101 SET @saved_cs_client     = @@character_set_client */;
/*!50503 SET character_set_client = utf8mb4 */;
CREATE TABLE `new` (
  `id` bigint NOT NULL AUTO_INCREMENT,
  `createdby` varchar(255) DEFAULT NULL,
  `createddate` datetime DEFAULT NULL,
  `modifiedby` varchar(255) DEFAULT NULL,
  `modifieddate` datetime DEFAULT NULL,
  `content` text,
  `shortdescription` text,
  `thumbnail` varchar(255) DEFAULT NULL,
  `title` varchar(255) DEFAULT NULL,
  `category_id` bigint DEFAULT NULL,
  PRIMARY KEY (`id`),
  KEY `FK_n64e68925ltftar1nwdaqhaa` (`category_id`),
  CONSTRAINT `FK_n64e68925ltftar1nwdaqhaa` FOREIGN KEY (`category_id`) REFERENCES `category` (`id`)
) ENGINE=InnoDB AUTO_INCREMENT=23 DEFAULT CHARSET=utf8;
/*!40101 SET character_set_client = @saved_cs_client */;

--
-- Dumping data for table `new`
--

LOCK TABLES `new` WRITE;
/*!40000 ALTER TABLE `new` DISABLE KEYS */;
INSERT INTO `new` VALUES (4,'admin','2021-06-14 12:48:44','admin','2021-07-21 00:42:55','<p>Đại dịch khiến nhiều người buộc phải sống trong đơn độc nhưng với người kh&aacute;c, đ&acirc;y l&agrave; cơ hội để t&igrave;m kiếm sự tịch mịch.</p>\n\n<p>V&agrave; c&ograve;n nơi n&agrave;o tốt hơn để l&agrave;m điều đ&oacute; ngo&agrave;i Bắc Cực? Valentina Miozzo l&agrave; một v&iacute; dụ. C&ocirc; đến từ v&ugrave;ng Emilia Romagna, miền bắc Italy v&agrave; l&agrave; hướng dẫn vi&ecirc;n. Trước đại dịch, c&ocirc; chuy&ecirc;n dẫn kh&aacute;ch v&agrave; c&oacute; một blog về du lịch bền vững ở Italy. Đại dịch ập đến l&agrave;m đảo lộn cuộc sống của c&ocirc;. Ban đầu, khi phải nghỉ l&agrave;m v&igrave; dịch bệnh, c&ocirc; viết blog v&agrave; l&agrave;m c&aacute;c c&ocirc;ng việc li&ecirc;n quan đến quảng c&aacute;o trực tuyến. Từ m&ugrave;a h&egrave; 2020, khi đất nước kiểm so&aacute;t được t&igrave;nh h&igrave;nh dịch bệnh, đ&ocirc;i ch&acirc;n của c&ocirc; bắt đầu &quot;ngứa ng&aacute;y&quot; trở lại.</p>\n\n<p>Th&aacute;ng 9/2020, th&ocirc;ng qua<em> Instagram</em>, c&ocirc; nhận được một lời đề nghị đến Bắc Cực để quản l&yacute; một nh&agrave; kh&aacute;ch v&agrave; đ&atilde; nhận lời chỉ sau một c&aacute;i chớp mắt. &quot;T&ocirc;i c&oacute; sợ h&atilde;i kh&ocirc;ng? Kh&ocirc;ng, t&ocirc;i thấy đ&oacute; l&agrave; một cơ hội tuyệt vời để đến thăm những nơi m&agrave; c&oacute; lẽ t&ocirc;i sẽ kh&ocirc;ng bao giờ tới một m&igrave;nh. V&agrave; v&igrave; t&ocirc;i kh&ocirc;ng thể tiếp tục c&ocirc;ng việc đi du lịch của m&igrave;nh như trước n&ecirc;n đ&acirc;y l&agrave; một c&aacute;ch để đi du lịch v&agrave; sống cuộc sống kh&aacute;c. Tất nhi&ecirc;n, đ&acirc;y l&agrave; một cuộc sống theo c&aacute;ch tĩnh lặng hơn nhưng ở một nơi n&agrave;o đ&oacute; tr&ecirc;n thế giới m&agrave; t&ocirc;i chưa biết, v&agrave; bị cuốn h&uacute;t&quot;, c&ocirc; n&oacute;i.</p>\n\n<p>Một th&aacute;ng sau, Miozzo tới Kongsfjord, Na Uy. Nơi đ&acirc;y c&aacute;ch nh&agrave; c&ocirc; ở Modena gần 4.000 km. Th&agrave;nh phố Modena c&oacute; gần 200.000 d&acirc;n sinh sống, nổi tiếng với nền ẩm thực phong ph&uacute; v&agrave; nh&agrave; thờ từ thế kỷ 12. Kongsfjord chỉ c&oacute; 28 cư d&acirc;n v&agrave; kh&ocirc;ng c&oacute; kiến tr&uacute;c thời Trung cổ. Si&ecirc;u thị gần nhất c&aacute;ch nơi c&ocirc; chuyển đến sống 40 km, bệnh viện c&aacute;ch hơn 320 km v&agrave; s&acirc;n bay th&igrave; 40 km. Ở Kongsfjord, v&agrave;o m&ugrave;a đ&ocirc;ng gi&oacute; thổi mạnh v&agrave; băng ở khắp mọi nơi, rất kh&oacute; để đi lại. Người d&acirc;n chỉ đến cửa h&agrave;ng tạp h&oacute;a một hoặc hai tuần một lần. Con đường để đến s&acirc;n bay v&agrave; si&ecirc;u thị tại nằm ở khu vực Berlev&aring;g l&agrave; một con đường ven biển quanh co, một b&ecirc;n gi&aacute;p c&aacute;c v&aacute;ch đ&aacute;. Nếu thời tiết xấu, bạn hầu như kh&ocirc;ng thể đi qua.</p>\n\n<p>Miozzo kh&ocirc;ng đặt ra bất kỳ kỳ vọng n&agrave;o ở nơi m&igrave;nh đến. C&ocirc; muốn tự kh&aacute;m ph&aacute; mọi thứ ở đ&acirc;y. Một trong những thứ hiếm hoi c&ocirc; biết trước l&agrave; nơi m&igrave;nh sinh sống sẽ rất biệt lập v&igrave; nằm trong l&atilde;nh nguy&ecirc;n Bắc Cực. Nhưng v&igrave; chưa bao giờ đến Na Uy, n&ecirc;n Miozzo vẫn muốn thử.</p>\n\n<p>Ngay sau khi đến Na Uy kh&ocirc;ng l&acirc;u, nữ hướng dẫn vi&ecirc;n du lịch đ&atilde; được ch&agrave;o đ&oacute;n với hiện tượng th&uacute; vị đầu ti&ecirc;n ở đ&acirc;y - Đ&ecirc;m bắc cực. Đ&oacute; l&agrave; những th&aacute;ng ng&agrave;y m&agrave; to&agrave;n bộ thời gian đều l&agrave; b&oacute;ng đ&ecirc;m bao phủ. Nhưng c&ocirc; kh&ocirc;ng bị bối rối bởi b&oacute;ng tối 24/7. &quot;Đ&oacute; l&agrave; một trải nghiệm đ&aacute;ng kinh ngạc. Sống ho&agrave;n to&agrave;n trong b&oacute;ng tối kh&ocirc;ng đ&aacute;ng lo ngại bằng sống c&ugrave;ng &aacute;nh s&aacute;ng&quot;. &quot;Sống c&ugrave;ng &aacute;nh s&aacute;ng&quot; m&agrave; Miozzo nhắc tới ch&iacute;nh l&agrave; hiện tượng Ban ng&agrave;y v&ugrave;ng cực, khi &aacute;nh s&aacute;ng mặt trời chiếu 24/7, từ giữa th&aacute;ng 5 đến giữa th&aacute;ng 7. Đ&acirc;y cũng l&agrave; thời điểm Kongsfjord được tắm dưới &aacute;nh mặt trời ngay cả l&uacute;c nửa đ&ecirc;m v&agrave; điều n&agrave;y khiến c&ocirc; kh&oacute; ngủ hơn.</p>\n\n<p>&quot;Khi t&ocirc;i đến những nước nhiệt đới, t&ocirc;i nạp năng lượng cho cơ thể m&igrave;nh từ m&ocirc;i trường xung quanh v&agrave; bằng c&aacute;ch tương t&aacute;c với mọi người. Nhưng khi bạn ở một nơi như thế n&agrave;y, ho&agrave;n to&agrave;n c&ocirc; lập, thứ bạn học được ch&iacute;nh l&agrave; t&igrave;m thấy năng lượng từ trong ch&iacute;nh bản th&acirc;n m&igrave;nh. Đ&oacute; l&agrave; một kh&aacute;m ph&aacute; đ&aacute;ng kinh ngạc, đặc biệt khi t&ocirc;i sống trong hai th&aacute;ng kh&ocirc;ng c&oacute; &aacute;nh s&aacute;ng, v&agrave; cần tự đ&aacute;nh thức m&igrave;nh&quot;.</p>\n\n<p>C&ocirc; cũng l&agrave;m quen với 28 người sống ở Kongsfjord. Họ đến từ nhiều quốc gia: Đức, Latvia, Italy v&agrave; Th&aacute;i Lan c&ugrave;ng d&acirc;n địa phương. Mọi người giao tiếp với nhau bằng tiếng Anh. &quot;Họ đều ch&agrave;o đ&oacute;n t&ocirc;i, v&agrave; rất đ&aacute;ng y&ecirc;u&quot;, c&ocirc; n&oacute;i. C&ocirc; c&oacute; một t&igrave;nh bạn gắn b&oacute; với một phụ nữ đồng hương, l&agrave;m việc tại nh&agrave; nghỉ - Eugenia.</p>\n\n<p>Khi n&oacute;i về Bắc Cực, Miozzo n&oacute;i n&oacute; kh&ocirc;ng giống với bất kỳ nơi n&agrave;o. &quot;Ở đ&acirc;y c&acirc;y cối kh&ocirc;ng ph&aacute;t triển, n&oacute; l&agrave; một nơi c&oacute; cảnh quan thực sự hoang d&atilde;&quot;, c&ocirc; n&oacute;i. Nhưng v&igrave; địa điểm qu&aacute; xa x&ocirc;i n&ecirc;n Kongsfjord chưa c&oacute; ca nhiễm nCoV. Trong khi c&aacute;c th&agrave;nh phố ở Na Uy bị hạn chế đi lại v&igrave; đại dịch, th&igrave; tại nơi c&ocirc; lập tột c&ugrave;ng n&agrave;y cuộc sống vẫn diễn ra b&igrave;nh thường. &quot;T&ocirc;i đ&atilde; kh&ocirc;ng đeo khẩu trang suốt 7 th&aacute;ng nay&quot;, c&ocirc; n&oacute;i.</p>\n\n<p>C&ocirc;ng việc tr&ocirc;ng coi nh&agrave; kh&aacute;ch của Miozzo kết th&uacute;c c&aacute;ch đ&acirc;y hai th&aacute;ng. Nhưng thời gian ở Bắc Cực g&acirc;y ấn tượng với c&ocirc; mạnh mẽ đến mức Miozzo quyết định ở lại đ&acirc;y. C&ocirc; thu&ecirc; một căn nh&agrave; để sống th&ecirc;m hai th&aacute;ng nữa v&agrave; chuẩn bị rời đi. Nhưng c&ocirc; chưa vội quay về Italy, m&agrave; mua một chiếc &ocirc;t&ocirc; rồi c&ugrave;ng Eugenia kh&aacute;m ph&aacute; th&ecirc;m c&aacute;c khu vực hẻo l&aacute;nh kh&aacute;c tr&ecirc;n quần đảo Svalbard, nơi người d&acirc;n &quot;chia sẻ&quot; cuộc sống c&ugrave;ng gấu Bắc Cực.</p>\n\n<p>Sau một th&aacute;ng tới đ&oacute;, họ sẽ đi về ph&iacute;a nam đến quần đảo Lofoten v&agrave; l&agrave;m việc cho một nh&agrave; kh&aacute;ch kh&aacute;c. V&agrave; sau đ&oacute; ư? C&ocirc; sẽ quay lại Kongsfjord trong một tương lai kh&ocirc;ng xa. V&agrave;o m&ugrave;a thu năm nay, Miozzo dự kiến quay về Italy tiếp tục c&ocirc;ng việc hướng dẫn vi&ecirc;n du lịch v&igrave; tin rằng t&igrave;nh h&igrave;nh dịch bệnh l&uacute;c đ&oacute; đ&atilde; được kiểm so&aacute;t. &quot;T&ocirc;i lu&ocirc;n mở rộng cửa để đ&oacute;n những thứ m&agrave; cuộc sống mang lại&quot;, c&ocirc; n&oacute;i.</p>\n',' Đại dịch khiến nhiều người buộc phải sống trong đơn độc nhưng với người khác, đây là cơ hội để tìm kiếm sự tịch mịch.','co-gai-1-142900087_680x0-1626802975218.jpg','Cô gái tự cách ly ở Bắc Cực',7),(5,'admin','2021-06-14 12:50:47','admin','2021-07-21 00:45:27','<p>L&otilde;i trong của Tr&aacute;i Đất ph&aacute;t triển nhanh hơn ở b&ecirc;n dưới biển Banda của Indonesia v&agrave; chậm hơn ở ph&iacute;a dưới Brazil.</p>\n\n<p>Hiện tượng được c&aacute;c nh&agrave; khoa học ph&aacute;t hiện khi nghi&ecirc;n cứu s&oacute;ng địa chấn (rung động dưới l&ograve;ng đất do động đất g&acirc;y ra) truyền qua l&otilde;i trong của Tr&aacute;i Đất, v&igrave; một số l&yacute; do, s&oacute;ng di chuyển qua l&otilde;i giữa cực bắc v&agrave; cực nam nhanh hơn nhiều so với di chuyển qua x&iacute;ch đạo.</p>\n\n<p>Giới nghi&ecirc;n cứu đ&atilde; biết về sự ch&ecirc;nh lệch mang t&ecirc;n dị hướng địa chấn trong nhiều thập kỷ, nhưng kh&ocirc;ng thể t&igrave;m ra c&aacute;ch giải th&iacute;ch ph&ugrave; hợp với dữ liệu sẵn c&oacute;. Giờ đ&acirc;y, sử dụng m&ocirc; phỏng m&aacute;y t&iacute;nh về sự ph&aacute;t triển của l&otilde;i Tr&aacute;i Đất trong h&agrave;ng tỷ năm qua, nghi&ecirc;n cứu mới c&ocirc;ng bố h&ocirc;m 3/6 tr&ecirc;n tạp ch&iacute; <em>Nature Geoscience</em> cung cấp c&acirc;u trả lời hợp l&yacute;.</p>\n\n<p>Mỗi năm, l&otilde;i trong của Tr&aacute;i Đất ph&aacute;t triển theo chiều hướng kh&ocirc;ng đều với tinh thể sắt h&igrave;nh th&agrave;nh nhanh hơn ở nửa ph&iacute;a đ&ocirc;ng của l&otilde;i so với nửa ph&iacute;a t&acirc;y. Điều n&agrave;y c&oacute; nghĩa l&otilde;i ngo&agrave;i lấy nhiều nhiệt từ nửa đ&ocirc;ng (b&ecirc;n dưới Indonesia) hơn nửa t&acirc;y (b&ecirc;n dưới Brazil).</p>\n\n<p>&quot;Để hiển thị sự ph&aacute;t triển kh&ocirc;ng đều ở l&otilde;i, h&atilde;y h&igrave;nh dung một gốc c&acirc;y với những v&ograve;ng c&acirc;y tản dần ra từ điểm trung t&acirc;m, nhưng t&acirc;m của v&ograve;ng c&acirc;y lệch với t&acirc;m của c&aacute;i c&acirc;y, v&igrave; vậy c&aacute;c v&ograve;ng c&aacute;ch xa nhau ở nửa ph&iacute;a đ&ocirc;ng v&agrave; gần nhau hơn ở nửa ph&iacute;a t&acirc;y. Mặt cắt của l&otilde;i trong Tr&aacute;i Đất c&oacute; thể cũng tương tự như vậy&quot;, Frost giải th&iacute;ch.</p>\n\n<p>Trung b&igrave;nh, b&aacute;n k&iacute;nh l&otilde;i trong tăng th&ecirc;m khoảng một milimet mỗi năm. Trọng lực b&ugrave; đắp cho sự ph&aacute;t triển kh&ocirc;ng đều ở ph&iacute;a t&acirc;y bằng c&aacute;ch đẩy những tinh thể mới về hướng t&acirc;y. Tại đ&oacute;, c&aacute;c tinh thể dồn tụ lại th&agrave;nh cấu tr&uacute;c dạng lưới trải d&agrave;i dọc theo trục bắc - nam của l&otilde;i. Cấu tr&uacute;c tinh thể nằm song song với cực Tr&aacute;i Đất, cho ph&eacute;p s&oacute;ng địa chấn truyền nhanh hơn theo hướng đ&oacute;.</p>\n\n<p>C&aacute;c nh&agrave; nghi&ecirc;n cứu cho biết rất kh&oacute; t&igrave;m ra nguy&ecirc;n nh&acirc;n dẫn tới sự ph&aacute;t triển mất c&acirc;n bằng ở l&otilde;i trong m&agrave; kh&ocirc;ng xem x&eacute;t những lớp kh&aacute;c của Tr&aacute;i Đất. Mỗi lớp được kiểm so&aacute;t bởi lớp ph&iacute;a tr&ecirc;n v&agrave; ảnh hưởng tới lớp b&ecirc;n dưới. L&otilde;i trong chậm r&atilde;i cứng lại từ l&otilde;i lỏng b&ecirc;n ngo&agrave;i, giống như quả cầu tuyết th&ecirc;m dần từng lớp. L&otilde;i ngo&agrave;i lại nguội dần nhờ lớp phủ b&ecirc;n tr&ecirc;n.</p>\n\n<p>Mảng kiến tạo cũng c&oacute; thể l&agrave; một phần nguy&ecirc;n nh&acirc;n. Khi mảng kiến tạo lạnh ch&igrave;m xuống s&acirc;u b&ecirc;n dưới bề mặt Tr&aacute;i Đất ở đới h&uacute;t ch&igrave;m, ch&uacute;ng l&agrave;m nguội lớp phủ b&ecirc;n dưới. Tuy nhi&ecirc;n, liệu sự nguội đi của lớp phủ c&oacute; t&aacute;c động tới l&otilde;i trong hay kh&ocirc;ng vẫn l&agrave; chủ đề g&acirc;y tranh c&atilde;i.</p>\n\n<p>Nh&oacute;m nghi&ecirc;n cứu cũng kh&ocirc;ng biết chắc hiện tượng mất nhiệt kh&ocirc;ng đều ở lớp l&otilde;i c&oacute; ảnh hưởng tới từ trường Tr&aacute;i Đất hay kh&ocirc;ng. Từ trường hiện nay tồn tại nhờ sự dịch chuyển của sắt lỏng ở l&otilde;i ngo&agrave;i. Qu&aacute; tr&igrave;nh n&agrave;y chịu ảnh hưởng từ sự mất nhiệt ở l&otilde;i trong. Nếu l&otilde;i trong mất nhiều nhiệt ở nửa ph&iacute;a đ&ocirc;ng hơn ph&iacute;a t&acirc;y, l&otilde;i ngo&agrave;i cũng c&oacute; thể dịch chuyển nhanh hơn ở ph&iacute;a đ&ocirc;ng.</p>\n','Lõi trong của Trái Đất phát triển nhanh hơn ở bên dưới biển Banda của Indonesia và chậm hơn ở phía dưới Brazil.','loi trai dat dang meo dan-1626803126801.jpg','Lõi Trái Đất đang méo dần phát triển nhanh hơn ở bên dưới biển Thái Bình Dương',8),(10,'admin','2021-06-27 00:58:20','admin','2021-07-21 00:46:11','<h2>Chủng virus SARS-CoV-2 dễ l&acirc;y lan nhất thế giới mang t&ecirc;n Delta đang g&acirc;y ra cơn &quot;đau đầu&quot;, khiến c&aacute;c giới chức c&aacute;c quốc gia v&agrave; v&ugrave;ng l&atilde;nh thổ đưa ra 2 xu hướng đối ph&oacute; kh&aacute;c biệt.</h2>\n\n<p>Từ London (Anh) tới New York (Mỹ) tới Hong Kong (Trung Quốc), biến chủng Delta đang g&acirc;y ra mối đe dọa với kế hoạch đưa x&atilde; hội trở lại vận h&agrave;nh b&igrave;nh thường như trước khi dịch <a href=\"https://dantri.com.vn/suc-khoe/dai-dich-covid-19.htm\">Covid-19</a> diễn ra.</p>\n\n<p>Tại ch&acirc;u &Acirc;u v&agrave; Bắc Mỹ, sự l&acirc;y lan nhanh ch&oacute;ng của biến chủng lần đầu được ph&aacute;t hiện ở Ấn Độ đ&atilde; đặt ra rất nhiều băn khoăn về viễn cảnh một m&ugrave;a h&egrave; b&igrave;nh thường, d&ugrave; tỷ lệ ti&ecirc;m chủng ở c&aacute;c quốc gia n&agrave;y kh&aacute; cao so với mặt bằng chung của thế giới.</p>\n\n<p>Tại nhiều khu vực, biến chủng Delta, bị Tổ chức Y tế Thế giới gọi l&agrave; &quot;chủng dễ l&acirc;y lan nhất thế giới&quot;, đang xuy&ecirc;n thủng những ph&ograve;ng tuyến chống dịch hay c&aacute;c h&igrave;nh mẫu ti&ecirc;m chủng của thế giới. Delta khiến nhiều ch&iacute;nh phủ đau đầu đặt ra c&acirc;u hỏi về đối s&aacute;ch ứng ph&oacute; rằng họ n&ecirc;n tiếp tục lệnh phong tỏa hay t&igrave;m c&aacute;ch sống chung với mầm bệnh.</p>\n\n<p>Tại Anh, Delta đ&atilde; chiếm 99% số ca Covid-19 mới trong thời gian qua. Trong khi đ&oacute;, trung t&acirc;m kiểm so&aacute;t v&agrave; ph&ograve;ng ngừa dịch bệnh ch&acirc;u &Acirc;u cảnh b&aacute;o rằng, biến chủng n&agrave;y dự kiến sẽ chiếm 90% số ca Covid-19 tại ch&acirc;u lục v&agrave;o th&aacute;ng 8. &nbsp;</p>\n\n<p>Tại Mỹ, nh&agrave; dịch tễ học h&agrave;ng đầu Anthony Fauci cho biết, Delta hiện chiếm 20% ca bệnh mới ở nước n&agrave;y v&agrave; sẽ trở th&agrave;nh chủng virus chủ đạo trong v&agrave;i tuần tới, đặt ra th&aacute;ch thức &quot;lớn nhất&quot; trong nỗ lực hồi phục của đất nước hậu dịch bệnh.</p>\n\n<p>Tại Indonesia v&agrave; Th&aacute;i Lan, những nước c&oacute; tỷ lệ ti&ecirc;m chủng ở mức 1 chữ số, Delta đang b&ugrave;ng nổ, khiến ch&iacute;nh quyền phải bắt đầu &aacute;p dụng c&aacute;c biện ph&aacute;p chống dịch mạnh mẽ hơn.</p>\n\n<p>&nbsp;</p>\n','Chủng virus SARS-CoV-2 dễ lây lan nhất thế giới mang tên Delta đang gây ra cơn \"đau đầu\", khiến các giới chức các quốc gia và vùng lãnh thổ đưa ra 2 xu hướng đối phó khác biệt.','nga-crop-1626803171238.jpg','Chủng Delta lan như \"cháy rừng\", thế giới đau đầu tìm cách ngăn chặn ',9),(13,'admin','2021-06-27 00:58:21','admin','2021-07-21 00:48:13','<p>UEFA vừa c&ocirc;ng bố đội h&igrave;nh ti&ecirc;u biểu tại Euro 2020. Đội b&oacute;ng v&ocirc; địch Italia c&oacute; năm cầu thủ, &aacute; qu&acirc;n Anh c&oacute; ba cầu thủ, c&aacute;c đội b&oacute;ng v&agrave;o tới v&ograve;ng b&aacute;n kết như Đan Mạch, T&acirc;y Ban Nha g&oacute;p một cầu thủ. C&aacute; biệt, duy nhất đội b&oacute;ng v&agrave;o tới tứ kết g&oacute;p cầu thủ, đ&oacute; l&agrave; tuyển Bỉ với trường hợp của Lukaku.</p>\n\n<p>Cũng giống như ở nhiều giải đấu trước đ&acirc;y, đội h&igrave;nh ti&ecirc;u biểu của UEFA đang tạo n&ecirc;n những &yacute; kiến tr&aacute;i chiều về những người được g&oacute;p mặt trong đội h&igrave;nh hay vắng mặt. Trước ti&ecirc;n l&agrave; trường hợp Lukaku. Ở Euro 2020, Lukaku chỉ ghi được bốn b&agrave;n thắng, c&ograve;n k&eacute;m Cristiano Ronaldo hay Patrik Schick. Lukaku để lại tiếng xấu với pha giật m&igrave;nh khiến anh bỏ lỡ cơ hội ghi b&agrave;n trước Italia, khiến tuyển Bỉ thua trận.</p>\n\n<p>Ronaldo rời Euro 2020 sau v&ograve;ng 1/8 sau khi tuyển Bồ Đ&agrave;o Nha của anh thua tuyển Bỉ, tuy nhi&ecirc;n cầu thủ n&agrave;y cũng đ&atilde; kịp ghi năm b&agrave;n thắng v&agrave; một pha kiến tạo, nhờ đ&oacute; anh gi&agrave;nh danh hiệu Chiếc gi&agrave;y v&agrave;ng.&nbsp;</p>\n\n<p>Ghi c&ugrave;ng với số b&agrave;n thắng của C.Ronaldo l&agrave; Patrik Schick, cầu thủ người CH S&eacute;c chắc chắn l&agrave; ứng vi&ecirc;n h&agrave;ng đầu cho danh hiệu Puskas trong năm nay khi anh ghi b&agrave;n để đời từ cự ly 50m v&agrave;o lưới Scotland ở v&ograve;ng bảng. Schick chơi rất hay c&ugrave;ng tuyển CH S&eacute;c tại Euro 2020, đội b&oacute;ng n&agrave;y dừng bước sau trận thua Đan Mạch ở tứ kết.</p>\n\n<p>Tiến s&acirc;u hơn v&agrave;o giải c&ograve;n c&oacute; trường hợp Harry Kane, tiền đạo người Anh cũng chơi rất hay tại c&aacute;c v&ograve;ng knock-out sau khi trải qua v&ograve;ng bảng kh&ocirc;ng nhiều ấn tượng. Với việc đưa tuyển Anh lần đầu ti&ecirc;n c&oacute; mặt tại chung kết, Kane chắc chắn kh&ocirc;ng thua k&eacute;m Lukaku.</p>\n\n<p>Tương tự l&agrave; trường hợp của Leonardo Spinazzola. Kh&ocirc;ng phủ nhận cầu thủ người Italia đ&atilde; chơi hay ở Euro 2020 trước khi gặp chấn thương ở tứ kết khiến anh kh&ocirc;ng thể thi đấu ở phần c&ograve;n lại của giải đấu. Tuy nhi&ecirc;n, Luke Shaw của tuyển Anh cũng trải qua giải đấu ch&oacute;i s&aacute;ng, thi đấu li&ecirc;n tục s&aacute;u trận. L&ecirc;n c&ocirc;ng về thủ, kiến tạo v&agrave; ghi b&agrave;n, Shaw đều l&agrave;m tốt, đặc biệt trong c&aacute;c trận đấu ở v&ograve;ng knock-out. V&igrave; vậy việc cầu thủ người Anh kh&ocirc;ng c&oacute; t&ecirc;n trong đội h&igrave;nh ti&ecirc;u biểu quả thật đ&aacute;ng tiếc.</p>\n\n<p>Cũng ở h&agrave;ng thủ, việc trao vị tr&iacute; xuất sắc ở b&ecirc;n phải cho Kylie Walker cũng kh&ocirc;ng thực sự thuyết phục bởi tuyển Anh sử dụng hai đội h&igrave;nh, 3-4-2-1 v&agrave; 4-2-1-3. C&oacute; bốn trận đấu Walker thi đấu ở vị tr&iacute; ở hậu vệ phải, c&ograve;n lại anh thường xuy&ecirc;n thi đấu ở vị tr&iacute; trung vệ lệch phải. Hậu vệ phải Joakim Maehle của tuyển Đan Mạch với khả năng l&ecirc;n c&ocirc;ng về thủ mạnh mẽ, thường xuy&ecirc;n đ&aacute; ở vị tr&iacute; n&agrave;y r&otilde; r&agrave;ng c&oacute; thể sẽ xứng đ&aacute;ng hơn Walker khi chọn một hậu vệ phải đ&uacute;ng nghĩa.</p>\n\n<p>Ngo&agrave;i Spinazzola, bốn cầu thủ c&ograve;n lại của tuyển Italia ho&agrave;n to&agrave;n xứng đ&aacute;ng, họ đều l&agrave; những nh&acirc;n tố quan trọng trong đội h&igrave;nh gi&uacute;p Italia chinh phục th&agrave;nh c&ocirc;ng chiếc c&uacute;p bạc.&nbsp; Pierre-Emile Hojbjerg (Đan Mạch), Jorginho Pedri (T&acirc;y Ban Nha) cũng xứng đ&aacute;ng sau những m&agrave;n tr&igrave;nh diễn ấn tượng của họ tại Euro 2020. C&aacute;c trường hợp của Harry Maguire, Raheem Sterling (Anh) cũng như vậy.</p>\n','UEFA vừa cho công bố đội hình tiêu biểu của Euro 2020 vào chiều nay (13/7). Khá bất ngờ khi trong đội hình tiêu biểu có Lukaku nhưng không có Ronaldo.','e6ksthgwuai59v9-1626803292587.jpg','Đội hình tiêu biểu Euro 2020: Lukaku đá bay C.Ronaldo ',1),(14,'admin','2021-06-27 00:58:22','admin','2021-07-21 00:48:32','<p>Virgin Galactic, c&ocirc;ng ty h&agrave;ng kh&ocirc;ng vũ trụ do tỷ ph&uacute; Richard Branson s&aacute;ng lập, đ&atilde; thực hiện chuyến bay thương mại đưa người l&ecirc;n r&igrave;a vũ trụ đầu ti&ecirc;n v&agrave;o ng&agrave;y 11/7 vừa qua (theo giờ Mỹ). T&agrave;u vũ trụ mang t&ecirc;n VSS Unity của c&ocirc;ng ty Virgin Galactic đ&atilde; được ph&oacute;ng l&ecirc;n bầu trời bang New Mexico (Mỹ), với hai phi c&ocirc;ng c&ugrave;ng vị tỷ ph&uacute; s&aacute;ng lập v&agrave; 3 nh&acirc;n vi&ecirc;n của c&ocirc;ng ty.</p>\n\n<p>T&agrave;u VSS Unity, sau khi được t&agrave;u s&acirc;n bay &quot;mẹ&quot; mang t&ecirc;n VMS Eve ph&oacute;ng đi ở độ cao hơn 12km, đ&atilde; k&iacute;ch hoạt động cơ t&ecirc;n lửa đẩy v&agrave; tăng tốc l&ecirc;n gấp 3 lần tốc độ &acirc;m thanh để bay ra r&igrave;a kh&ocirc;ng gian ở độ cao 86km trong &iacute;t ph&uacute;t, sau đ&oacute; quay trở lại tr&aacute;i đất v&agrave; hạ c&aacute;nh an to&agrave;n.</p>\n\n<p>Chuyến bay th&agrave;nh c&ocirc;ng của t&agrave;u VSS Unity đ&aacute;nh dấu cột mốc quan trọng trong cuộc đua đưa người du lịch v&agrave;o kh&ocirc;ng gian. Ngo&agrave;i Virgin Galactic, hai c&ocirc;ng ty h&agrave;ng kh&ocirc;ng vũ trụ kh&aacute;c được th&agrave;nh lập bởi c&aacute;c tỷ ph&uacute; l&agrave; SpaceX (của Elon Musk) v&agrave; Blue Origin (của Jeff Bezos) cũng đang đẩy nhanh qu&aacute; tr&igrave;nh ph&aacute;t triển để sớm thực hiện chuyến bay thương mại đưa du kh&aacute;ch tham quan kh&ocirc;ng gian.</p>\n\n<p>Sau tỷ ph&uacute; Richard Branson, đến lượt tỷ ph&uacute; Jeff Bezos cũng sẽ bay l&ecirc;n kh&ocirc;ng gian bằng t&ecirc;n lửa đẩy New Shepard do Blue Origin ph&aacute;t triển v&agrave;o ng&agrave;y 20/7 tới đ&acirc;y. T&ecirc;n lửa đẩy New Shepard dự kiến sẽ đưa một t&agrave;u vũ trụ bay l&ecirc;n độ cao 100 km so với mực nước biển (độ cao của đường Karman, l&agrave; ranh giới giữa kh&iacute; quyển Tr&aacute;i đất v&agrave; khoảng kh&ocirc;ng vũ trụ). C&aacute;c h&agrave;nh kh&aacute;ch trong t&agrave;u vũ trụ sẽ ở tr&ecirc;n độ cao 100 km trong khoảng 10 ph&uacute;t, gi&uacute;p họ c&oacute; được trải nghiệm kh&ocirc;ng trọng lực v&agrave; ngắm nh&igrave;n tr&aacute;i đất từ tr&ecirc;n kh&ocirc;ng gian, trước khi quay trở về mặt đất.</p>\n\n<p>Tỷ ph&uacute; Elon Musk cũng kh&ocirc;ng chịu thua c&aacute;c &quot;đối thủ&quot; khi sớm bay l&ecirc;n kh&ocirc;ng gian. Tuy nhi&ecirc;n, thay v&igrave; được đưa l&ecirc;n vũ trụ bằng ch&iacute;nh t&ecirc;n lửa đẩy SpaceX, c&ocirc;ng ty do Elon Musk s&aacute;ng lập, th&igrave; vị tỷ ph&uacute; n&agrave;y sẽ được đưa l&ecirc;n kh&ocirc;ng gian bằng t&agrave;u vũ trụ của Virgin Galactic.</p>\n\n<p>Theo đ&oacute;, ngay sau chuyến bay đầu ti&ecirc;n của nh&agrave; s&aacute;ng lập Richard Branson, đại diện Virgin Galactic x&aacute;c nhận rằng Elon Musk đ&atilde; chi ra số tiền 250.000 USD để mua tấm v&eacute; du h&agrave;nh kh&ocirc;ng gian bằng t&agrave;u vũ trụ của c&ocirc;ng ty. Tuy nhi&ecirc;n, chưa r&otilde; chuyến bay tiếp theo của Virgin Galactic sẽ được diễn ra v&agrave;o thời điểm n&agrave;o.</p>\n\n<p>Richard Branson v&agrave; Elon Musk l&agrave; bạn th&acirc;n với nhau v&agrave; c&oacute; vẻ như Musk đang thể hiện sự ủng hộ với người bạn của m&igrave;nh bằng một tấm v&eacute; du h&agrave;nh v&agrave;o kh&ocirc;ng gian. Ngược lại, Elon Musk v&agrave; Jeff Bezos được xem l&agrave; &quot;kẻ th&ugrave; kh&ocirc;ng đội trời chung&quot; v&agrave; Musk đ&atilde; từng nhiều lần gọi Bezos l&agrave; &quot;kẻ sao ch&eacute;p&quot; v&igrave; Musk cho rằng &yacute; tưởng đưa người l&ecirc;n du lịch vũ trụ của Bezos l&agrave; &quot;ăn cắp&quot; của m&igrave;nh.</p>\n\n<p>Bản th&acirc;n c&ocirc;ng ty SpaceX của Elon Musk cũng đang rất muốn sớm đưa người đi du lịch v&agrave;o kh&ocirc;ng gian, tuy nhi&ecirc;n, ở thời điểm hiện tại, SpaceX đang c&oacute; một sứ mệnh lớn hơn, bao gồm việc hợp t&aacute;c với NASA để đưa c&aacute;c phi h&agrave;nh gia l&ecirc;n Trạm vũ trụ Quốc tế (ISS) v&agrave; dự &aacute;n Starlink, phủ s&oacute;ng Internet to&agrave;n cầu bằng vệ tinh.</p>\n\n<p>Trong khi Virgin Galactic của Richard Branson v&agrave; SpaceX của Elon Musk thể hiện thiện ch&iacute; v&agrave; hỗ trợ lẫn nhau trong c&aacute;c nỗ lực chinh phục kh&ocirc;ng gian, Blue Origin của Jeff Bezos lại c&oacute; động th&aacute;i &quot;đ&aacute; đểu&quot; chuyến bay của Virgin Galactic khi cho rằng độ cao 86 km m&agrave; t&agrave;u vũ trụ của c&ocirc;ng ty n&agrave;y đạt được chưa phải l&agrave; &quot;r&igrave;a kh&ocirc;ng gian&quot; như Virgin Galactic tuy&ecirc;n bố.</p>\n\n<p>&quot;Ngay từ đầu, New Shepard đ&atilde; được thiết kế để bay l&ecirc;n độ cao của đường Karman. Với 96% d&acirc;n số thế giới, kh&ocirc;ng gian bắt đầu từ đường Karman v&agrave; được quốc tế c&ocirc;ng nhận&quot;, Blue Origin viết tr&ecirc;n trang Twitter ch&iacute;nh thức của c&ocirc;ng ty, với h&agrave;m &yacute; &quot;ch&acirc;m biếm&quot; chuyến bay của Virgin Galactic. Độ cao của đường Karman, ở độ cao 100 km so với mực nước biển, được c&ocirc;ng nhận l&agrave; ranh giới giữa kh&iacute; quyển Tr&aacute;i đất v&agrave; khoảng kh&ocirc;ng vũ trụ.</p>\n','Dù đang sở hữu một công ty hàng đầu về hàng không vũ trụ, Elon Musk lại chi ra 250.000 USD cho tấm vé bay vào không gian trên chiếc tàu vũ trụ của một công ty khác.','elon-musk-1626803311539.jpg','Elon Musk chi 250.000 USD mua vé bay vào vũ trụ',2),(15,'admin','2021-06-27 00:58:23','admin','2021-07-21 00:48:39','<p>Nhiều khu vực, tỉnh, th&agrave;nh phố đ&atilde; phải phong tỏa, thực hiện gi&atilde;n c&aacute;ch x&atilde; hội nhằm hạn chế rủi ro l&acirc;y lan của dịch Covid-19. Điều n&agrave;y đ&atilde; ảnh hưởng kh&ocirc;ng nhỏ đến đời sống, th&oacute;i quen sinh hoạt của người d&acirc;n, trong đ&oacute; c&oacute; th&oacute;i quen mua sắm.</p>\n\n<p>Trao đổi với <em>D&acirc;n tr&iacute;</em>, đại diện c&aacute;c s&agrave;n thương mại điện tử lớn đều nhận định rằng người d&acirc;n tại Việt Nam đang c&oacute; xu hướng mua sắm online nhiều hơn đối với tất cả c&aacute;c mặt h&agrave;ng, nhằm đ&aacute;p ứng c&aacute;c nhu cầu trong cuộc sống h&agrave;ng ng&agrave;y.</p>\n\n<p>Trong b&aacute;o c&aacute;o qu&yacute; II/2021, Lazada cho biết lượng kh&aacute;ch h&agrave;ng truy cập mỗi ng&agrave;y của s&agrave;n TMĐT n&agrave;y đ&atilde; tăng gấp đ&ocirc;i, lượng đơn h&agrave;ng tăng gấp ba lần v&agrave; số lượng người mua sắm qua ứng dụng tăng 2,5 lần so với c&ugrave;ng kỳ năm ngo&aacute;i. B&ecirc;n cạnh đ&oacute;, số lượng nh&agrave; b&aacute;n h&agrave;ng tham gia kinh doanh cũng tăng gấp đ&ocirc;i so với c&ugrave;ng kỳ năm ngo&aacute;i.&nbsp;</p>\n\n<p>&quot;T&igrave;nh h&igrave;nh dịch bệnh diễn biến phức tạp đ&atilde; th&uacute;c đẩy l&agrave;n s&oacute;ng số h&oacute;a diễn ra t&iacute;ch cực nhằm khai th&aacute;c hiệu quả nguồn doanh thu từ c&aacute;c k&ecirc;nh mua sắm trực tuyến, đặc biệt l&agrave; nền tảng TMĐT. Tr&ecirc;n thực tế, kh&ocirc;ng chỉ ri&ecirc;ng tại TPHCM v&agrave; H&agrave; Nội, số lượng nh&agrave; b&aacute;n h&agrave;ng ở c&aacute;c khu vực kh&aacute;c tham gia kinh doanh cũng tăng gấp đ&ocirc;i so với c&ugrave;ng kỳ năm ngo&aacute;i&quot;, đại diện Lazada cho biết.</p>\n\n<p>Hai s&agrave;n TMĐT kh&aacute;c l&agrave; Tiki v&agrave; Shopee cũng ghi nhận mức tăng trưởng mạnh về doanh số cũng như số lượng người d&ugrave;ng trong v&agrave;i th&aacute;ng qua.</p>\n\n<p>&quot;Sau 6 tuần gi&atilde;n c&aacute;ch, ng&agrave;nh h&agrave;ng thực phẩm tươi sống đ&atilde; ghi nhận mức tăng trưởng kỷ lục đến hơn 10 lần so với trước l&uacute;c b&ugrave;ng dịch tr&ecirc;n cả nước. Để đ&aacute;p ứng tốt nhất cho nhu cầu mua sắm đa dạng v&agrave; tăng cao, ch&uacute;ng t&ocirc;i đ&atilde; l&ecirc;n kế hoạch v&agrave; thực hiện chuẩn bị h&agrave;ng h&oacute;a, đảm bảo cả về lượng v&agrave; chất cũng như gi&aacute; cả&quot;, đại diện Tiki chia sẻ với <em>D&acirc;n tr&iacute;</em>.</p>\n\n<p>Trong bối cảnh dịch Covid-19 c&oacute; nhiều diễn biến phức tạp như hiện nay, thương mại điện tử được xem l&agrave; một k&ecirc;nh mua sắm an to&agrave;n cho người d&acirc;n ở nh&agrave; chống dịch v&agrave; tạo m&ocirc;i trường kinh doanh bền vững cho c&aacute;c nh&agrave; b&aacute;n h&agrave;ng.</p>\n\n<p>Hiện tại, ở ng&agrave;nh h&agrave;ng ti&ecirc;u d&ugrave;ng, c&aacute;c sản phẩm thiết yếu như thực phẩm, đồ d&ugrave;ng chống dịch (khẩu trang, nước rửa tay) hay thực phẩm kh&ocirc; (b&aacute;nh, kẹo, m&igrave; t&ocirc;m) c&oacute; doanh số rất tốt. Ngo&agrave;i ra, nh&oacute;m h&agrave;ng thiết bị điện tử, đồ chơi tại nh&agrave; cũng c&oacute; mức tăng trưởng gấp 2-3 lần so với trước đ&acirc;y.</p>\n\n<p>&quot;Trong thời gian b&ugrave;ng ph&aacute;t dịch Covid-19, người d&acirc;n được khuyến kh&iacute;ch ở nh&agrave; v&agrave; thực hiện gi&atilde;n c&aacute;ch x&atilde; hội. Nhiều người d&ugrave;ng đ&atilde; chuyển sang sử dụng c&aacute;c nền tảng trực tuyến để phục vụ nhu cầu thiết yếu h&agrave;ng ng&agrave;y của họ. Điều n&agrave;y đ&atilde; th&uacute;c đẩy mạnh sự tăng trưởng đối với tất cả danh mục ng&agrave;nh h&agrave;ng, nổi bật l&agrave; c&aacute;c mặt h&agrave;ng ti&ecirc;u d&ugrave;ng nhanh, sản phẩm chăm s&oacute;c v&agrave; bảo vệ sức khỏe, đồ điện tử v&agrave; đồ gia dụng&quot;, &ocirc;ng Trần Tuấn Anh, Gi&aacute;m đốc Shopee Việt Nam, cho biết.</p>\n','Vài tháng trở lại đây, làn sóng mới của dịch Covid-19 liên tục có những diễn biến phức tạp, gây ra nhiều tác động đối với toàn xã hội.','tmdt-1626803319041.jpg','Giữa đại dịch Covid-19, sàn TMĐT ở Việt Nam \"được mùa\", doanh số tăng mạnh ',2),(16,'admin','2021-06-27 00:58:24','admin','2021-07-21 00:48:43','<p>Đ&oacute; l&agrave; nội dung th&ocirc;ng tin được n&ecirc;u trong văn bản do &ocirc;ng Đinh Việt Sơn - Ph&oacute; Cục trưởng Cục H&agrave;ng kh&ocirc;ng Việt Nam - vừa k&yacute; gửi Bộ Giao th&ocirc;ng vận tải (GTVT), về việc xem x&eacute;t th&agrave;nh lập th&ecirc;m h&atilde;ng h&agrave;ng kh&ocirc;ng vận tải h&agrave;ng h&oacute;a trong giai đoạn hiện nay.</p>\n\n<p>Đối với chủ trương đầu tư dự &aacute;n th&agrave;nh lập h&atilde;ng h&agrave;ng kh&ocirc;ng IPP Air Cargo của &quot;vua h&agrave;ng hiệu&quot; Jonathan Hạnh Nguyễn, Ph&oacute; Cục trưởng Cục H&agrave;ng kh&ocirc;ng Việt Nam Đinh Việt Sơn cho biết: Theo quy định tại Nghị định số 89 của Thủ tướng Ch&iacute;nh phủ, xem x&eacute;t cho ph&eacute;p (hoặc kh&ocirc;ng cho ph&eacute;p) Bộ GTVT cấp giấy ph&eacute;p kinh doanh vận chuyển h&agrave;ng kh&ocirc;ng cho người đề nghị cấp giấy ph&eacute;p.</p>\n\n<p>&quot;Thực hiện &yacute; kiến chỉ đạo của Thủ tướng Ch&iacute;nh phủ n&ecirc;u tại C&ocirc;ng văn số 5833 về việc r&agrave; so&aacute;t, xem x&eacute;t việc th&agrave;nh lập th&ecirc;m c&aacute;c h&atilde;ng h&agrave;ng kh&ocirc;ng mới trong t&igrave;nh h&igrave;nh mới sẽ được xem x&eacute;t sau thời điểm thị trường h&agrave;ng kh&ocirc;ng phục hồi (dự kiến năm 2022)&quot; - Ph&oacute; Cục trưởng Đinh Việt Sơn th&ocirc;ng tin.</p>\n\n<p>Theo l&atilde;nh đạo Cục H&agrave;ng kh&ocirc;ng, việc chưa xem x&eacute;t th&agrave;nh lập th&ecirc;m h&atilde;ng h&agrave;ng kh&ocirc;ng chuy&ecirc;n chở h&agrave;ng h&oacute;a cũng l&agrave; một trong c&aacute;c biện ph&aacute;p hạn chế tối đa khả năng mất c&acirc;n đối cung/cầu của thị trường, g&acirc;y ảnh hưởng tới sự ph&aacute;t triển bền vững của ng&agrave;nh h&agrave;ng kh&ocirc;ng Việt Nam do ảnh hưởng của đại dịch&nbsp;Covid-19.</p>\n\n<p>Cơ quan quản l&yacute; cao nhất về lĩnh vực h&agrave;ng kh&ocirc;ng d&acirc;n dụng cho biết sẽ tiếp tục theo d&otilde;i t&igrave;nh h&igrave;nh thị trường, ảnh hưởng của dịch bệnh v&agrave; b&aacute;o c&aacute;o Bộ GTVT về khả năng th&agrave;nh lập h&atilde;ng h&agrave;ng kh&ocirc;ng mới cho giai đoạn sau năm 2022, để tr&igrave;nh Thủ tướng Ch&iacute;nh phủ xem x&eacute;t, quyết định.</p>\n\n<p>&quot;C&aacute;c h&atilde;ng h&agrave;ng kh&ocirc;ng Việt Nam đều đang triển khai thực hiện c&aacute;c chuyến bay chuy&ecirc;n chở h&agrave;ng h&oacute;a, bao gồm cả việc chở h&agrave;ng tr&ecirc;n khoang h&agrave;nh kh&aacute;ch nhằm tăng th&ecirc;m năng lực vận chuyển h&agrave;ng h&oacute;a v&agrave; c&oacute; th&ecirc;m nguồn thu để b&ugrave; đắp thiệt hại do dịch Covid-19&quot; - &ocirc;ng Sơn n&oacute;i.</p>\n\n<p>T&iacute;nh đến 28/6, c&aacute;c h&atilde;ng h&agrave;ng kh&ocirc;ng đ&atilde; ho&aacute;n đổi 9 t&agrave;u bay sang chở h&agrave;ng theo h&igrave;nh thức th&aacute;o ghế h&agrave;nh kh&aacute;ch để chở h&agrave;ng tr&ecirc;n khoang. Trong đ&oacute;, Vietnam Airlines với&nbsp;5 t&agrave;u bay (gồm 2 t&agrave;u A321 v&agrave; 3 t&agrave;u A350) v&agrave; Vietjet 4 t&agrave;u bay A321. Ngo&agrave;i ra, một số t&agrave;u bay kh&aacute;c cũng được chở h&agrave;ng tr&ecirc;n khoang h&agrave;nh kh&aacute;ch (chưa th&aacute;o ghế) với điều kiện kh&ocirc;ng chở kh&aacute;ch tr&ecirc;n c&ugrave;ng chuyến bay.</p>\n\n<p>Tỷ trọng doanh thu từ vận tải h&agrave;ng h&oacute;a trong tổng doanh thu từ vận tải h&agrave;ng kh&ocirc;ng của c&aacute;c h&atilde;ng h&agrave;ng kh&ocirc;ng giai đoạn trong dịch đều tăng gấp 3 lần so với trước dịch (t&iacute;nh trong giai đoạn 1 năm).</p>\n\n<p>Hồi th&aacute;ng 3, C&ocirc;ng ty Cổ phần IPP Air Cargo đăng k&yacute; kinh doanh Johnathan Hạnh Nguyễn l&agrave;m Chủ tịch Hội đồng quản trị đăng k&yacute; kinh doanh h&agrave;ng kh&ocirc;ng. Đ&acirc;y l&agrave; doanh nghiệp th&agrave;nh vi&ecirc;n của Tập đo&agrave;n Li&ecirc;n Th&aacute;i B&igrave;nh Dương (IPP), tập đo&agrave;n kinh doanh b&aacute;n lẻ chiếm gần 70% thị trường h&agrave;ng hiệu quốc tế.</p>\n\n<p>IPP Air Cargo đăng k&yacute; giấy ph&eacute;p kinh doanh với ng&agrave;nh nghề ch&iacute;nh l&agrave; vận tải h&agrave;ng h&oacute;a h&agrave;ng kh&ocirc;ng trong phạm vi nội địa v&agrave; quốc tế. Dự &aacute;n n&agrave;y c&oacute; tổng mức đầu tư 2.400 tỷ đồng, tương đương 100 triệu USD.</p>\n\n<p>Khi nộp hồ sơ dự &aacute;n, &ocirc;ng Johnathan Hạnh Nguyễn hy vọng được ph&ecirc; duyệt đầu tư v&agrave; nhận giấy ph&eacute;p kinh doanh vận chuyển h&agrave;ng kh&ocirc;ng v&agrave;o qu&yacute; III năm nay, lấy chứng chỉ nh&agrave; khai th&aacute;c t&agrave;u bay v&agrave;o qu&yacute; IV v&agrave; thực hiện chuyến bay đầu ti&ecirc;n v&agrave;o qu&yacute; II/2022. Trong năm đầu ti&ecirc;n đi v&agrave;o hoạt động, h&atilde;ng sẽ khai th&aacute;c 5 t&agrave;u bay h&agrave;ng h&oacute;a, sau đ&oacute; tăng l&ecirc;n 7 chiếc v&agrave;o năm thứ hai v&agrave; 10 chiếc v&agrave;o năm thứ ba.</p>\n','Việc chưa xem xét thành lập thêm hãng hàng không chuyên chở hàng hóa cũng là một trong các biện pháp hạn chế tối đa khả năng mất cân đối cung - cầu của thị trường trong bối cảnh Covid-19.','vua-hang-hieu-1626803323131.jpg','\"Vua hàng hiệu\" Johnathan Hạnh Nguyễn bị từ chối lập hãng bay ',4),(17,'admin','2021-06-27 00:58:25','admin','2021-07-21 00:48:48','<div class=\"dt-news__sapo\">\n<h2>Sở hữu gần 60% cổ phần Thi&ecirc;n Long, Chủ tịch HĐQT C&ocirc; Gia Thọ c&ugrave;ng c&aacute;c th&agrave;nh vi&ecirc;n trong gia đ&igrave;nh l&agrave; nh&oacute;m cổ đ&ocirc;ng nhận về nhiều tiền mặt nhất trong đợt chi trả cổ tức sắp tới của doanh nghiệp.</h2>\n</div>\n\n<div class=\"dt-news__content\">\n<p>C&ocirc;ng ty Cổ phần Tập đo&agrave;n Thi&ecirc;n Long vừa th&ocirc;ng b&aacute;o sẽ chốt danh s&aacute;ch cổ đ&ocirc;ng v&agrave;o ng&agrave;y 28/7 để tạm ứng cổ tức tiền mặt đợt đầu ti&ecirc;n năm 2021 với tỷ lệ 15%. Cổ đ&ocirc;ng sở hữu mỗi cổ phiếu sẽ được nhận 1.500 đồng. Thời gian chi trả dự kiến l&agrave; v&agrave;o ng&agrave;y 12/8.&nbsp;</p>\n\n<p>Với gần 78 triệu cổ phiếu đang lưu h&agrave;nh, Thi&ecirc;n Long dự kiến chi gần 120 tỷ đồng để trả cổ tức cho nh&agrave; đầu tư. Hiện tại, nh&oacute;m cổ đ&ocirc;ng lớn nhất của doanh nghiệp sản xuất văn ph&ograve;ng phẩm n&agrave;y l&agrave; Chủ tịch HĐQT C&ocirc; Gia Thọ v&agrave; gia đ&igrave;nh.</p>\n\n<p>C&aacute; nh&acirc;n &ocirc;ng C&ocirc; Gia Thọ sở hữu 4,7 triệu cổ phiếu, tương đương 6,1% cổ phần Thi&ecirc;n Long. C&ograve;n cổ đ&ocirc;ng lớn nhất tại doanh nghiệp l&agrave; C&ocirc;ng ty Cổ phần Đầu tư Thi&ecirc;n Long An Thịnh, ph&aacute;p nh&acirc;n thuộc sở hữu ri&ecirc;ng của &ocirc;ng Thọ, với 48% cổ phần.&nbsp;</p>\n\n<p>Cộng với số cổ phiếu do c&aacute;c th&agrave;nh vi&ecirc;n kh&aacute;c trong gia đ&igrave;nh đứng t&ecirc;n, Chủ tịch HĐQT Thi&ecirc;n Long v&agrave; người th&acirc;n quản l&yacute; tổng cộng 46 triệu cổ phần, tương ứng 59% vốn điều lệ doanh nghiệp. Như vậy, &ocirc;ng C&ocirc; Gia Thọ c&ugrave;ng gia đ&igrave;nh ước t&iacute;nh nhận về 69 tỷ đồng trong đợt chia cổ tức sắp tới.&nbsp;</p>\n\n<p>Thi&ecirc;n Long l&agrave; một trong những doanh nghiệp dẫn đầu lĩnh vực văn ph&ograve;ng phẩm trong nước. Doanh thu của h&atilde;ng b&uacute;t bi n&agrave;y tăng trưởng ổn định nhưng thụt l&ugrave;i v&agrave;o năm 2020 do dịch Covid-19.</p>\n\n<p>Năm nay, Thi&ecirc;n Long đặt mục ti&ecirc;u doanh thu thuần 3.000 tỷ đồng v&agrave; lợi nhuận sau thuế 280 tỷ, tăng trưởng 12-17% so với c&ugrave;ng kỳ năm trước. Đến hết qu&yacute; I, Thi&ecirc;n Long đạt doanh thu 680 tỷ đồng v&agrave; lợi nhuận 85 tỷ đồng.&nbsp;</p>\n\n<p>Kế hoạch kinh doanh của Thi&ecirc;n Long dựa tr&ecirc;n điều kiện thị trường ti&ecirc;u thụ văn ph&ograve;ng phẩm hoạt động trong điều kiện b&igrave;nh thường khi học sinh, sinh vi&ecirc;n đến trường. Việc ho&agrave;n th&agrave;nh kế hoạch kinh doanh năm nay với tập đo&agrave;n n&agrave;y sẽ l&agrave; th&aacute;ch thức lớn khi dịch bệnh năm nay k&eacute;o d&agrave;i.&nbsp;</p>\n</div>\n','Sở hữu gần 60% cổ phần Thiên Long, Chủ tịch HĐQT Cô Gia Thọ cùng các thành viên trong gia đình là nhóm cổ đông nhận về nhiều tiền mặt nhất trong đợt chi trả cổ tức sắp tới của doanh nghiệp.','tlgcogiath-1626803327606.jpg','Gia đình ông chủ hãng bút bi Thiên Long sắp nhận gần 70 tỷ đồng cổ tức ',4),(18,'admin','2021-06-27 00:58:26','admin','2021-07-29 22:17:50','<div class=\"dt-news__sapo\">\n<h2>Một phi&ecirc;n sụt giảm cực s&acirc;u tr&ecirc;n thị trường chứng kho&aacute;n đ&atilde; &quot;thổi bay&quot; gần 11 tỷ USD vốn h&oacute;a, đưa P/E thị trường về mức 17,77. Trong khi nh&agrave; đầu tư c&aacute; nh&acirc;n b&aacute;n ồ ạt th&igrave; tổ chức lại t&iacute;ch cực giải ng&acirc;n.</h2>\n</div>\n\n<div class=\"dt-news__content\">\n<p><strong>&nbsp;</strong><strong>Ai mua, ai b&aacute;n?</strong></p>\n\n<p>Trong phi&ecirc;n giao dịch 12/7, thị trường chứng kho&aacute;n Việt Nam chứng kiến pha giảm điểm mạnh nhất trong lịch sử th&agrave;nh lập (t&iacute;nh theo gi&aacute; trị tuyệt đối của chỉ số), c&oacute; l&uacute;c mất 76 điểm.</p>\n\n<p>&Aacute;p lực b&aacute;n tại phi&ecirc;n kh&aacute; chủ động do diễn ra từ đầu phi&ecirc;n chứ kh&ocirc;ng phải chờ đến đợt khớp lệnh ATC mới biến động mạnh.</p>\n\n<p>Tuy nhi&ecirc;n, c&oacute; một thống k&ecirc; rất đ&aacute;ng ch&uacute; &yacute; l&agrave; khi &aacute;p lực b&aacute;n th&aacute;o diễn ra khiến hầu hết cổ phiếu tr&ecirc;n thị trường đều giảm gi&aacute; th&igrave; khối nh&agrave; đầu tư nước ngo&agrave;i v&agrave; khối tự doanh c&aacute;c c&ocirc;ng ty chứng kho&aacute;n lại tiến h&agrave;nh giải ng&acirc;n rất mạnh.</p>\n\n<p>Cụ thể, trong phi&ecirc;n n&agrave;y, khối ngoại mua v&agrave;o tổng cộng 2.546,37 tỷ đồng v&agrave; b&aacute;n ra 1.179,19 tỷ đồng, tương ứng với gi&aacute; trị mua r&ograve;ng tr&ecirc;n to&agrave;n thị trường l&agrave; 1.367,18 tỷ đồng.</p>\n\n<p>STB l&agrave; cổ phiếu được mua r&ograve;ng mạnh nhất bởi khối ngoại với gi&aacute; trị mua r&ograve;ng 333,5 tỷ đồng. Kế đến l&agrave; SSI với 201 tỷ đồng. HPG với 178 tỷ đồng. KDH, DXG, KBC, VRE, VHM, NVL cũng được khối ngoại tăng cường giải ng&acirc;n.</p>\n\n<p>Ph&iacute;a tự doanh c&aacute;c c&ocirc;ng ty chứng kho&aacute;n cũng mua r&ograve;ng 563,31 tỷ đồng. Trong đ&oacute;, những đơn vị n&agrave;y chi tổng cộng 1.283,68 tỷ đồng để mua cổ phiếu v&agrave; b&aacute;n ra cổ phiếu để thu về 720,37 tỷ đồng.</p>\n\n<p>Những cổ phiếu lọt v&agrave;o &quot;mắt xanh&quot; của khối tự doanh l&agrave; TCB, VPB, FPT, STB, VNM, VIC, DBC, MSN, VCB, VHM, NVL&hellip;</p>\n\n<p>B&ecirc;n cạnh đ&oacute;, nh&agrave; đầu tư tổ chức trong nước (kh&ocirc;ng bao gồm tự doanh) cũng mua r&ograve;ng 656 tỷ đồng sau 2 phi&ecirc;n b&aacute;n r&ograve;ng li&ecirc;n tiếp trước đ&oacute;.</p>\n\n<p>Vậy, b&ecirc;n b&aacute;n l&agrave; ai?</p>\n\n<p>Thống k&ecirc; cho thấy, trong phi&ecirc;n lao dốc h&ocirc;m qua, nh&oacute;m nh&agrave; đầu tư c&aacute; nh&acirc;n trong nước đ&atilde; b&aacute;n r&ograve;ng 2.611 tỷ đồng, trong đ&oacute; b&aacute;n khớp lệnh l&agrave; 2.585 tỷ đồng.</p>\n\n<p>Tr&aacute;i ngược với nh&agrave; đầu tư tổ chức, hoạt động b&aacute;n r&ograve;ng của nh&agrave; đầu tư c&aacute; nh&acirc;n trong nước tập trung tại c&aacute;c cổ phiếu STB (398 tỷ đồng); HPG (305 tỷ đồng); SSI (214 tỷ đồng); VPB (203 tỷ đồng); TCB (166 tỷ đồng); VNM (137 tỷ đồng).</p>\n\n<p>Cũng cần lưu &yacute; rằng, diễn biến b&aacute;n r&ograve;ng của nh&agrave; đầu tư c&aacute; nh&acirc;n trong nước c&ograve;n do t&aacute;c động của hoạt động b&aacute;n giải chấp cổ phiếu. Theo đ&oacute;, t&agrave;i khoản của nhiều nh&agrave; đầu tư chịu &aacute;p lực margin call đ&atilde; phải b&aacute;n ra cổ phiếu bằng mọi gi&aacute;, tạo n&ecirc;n hiệu ứng b&aacute;n th&aacute;o tr&ecirc;n thị trường.</p>\n\n<p><strong>Định gi&aacute; thị trường đ&atilde; rẻ hơn</strong></p>\n\n<p>Đ&oacute;ng cửa phi&ecirc;n giao dịch 12/7, VN-Index ghi nhận mức thiệt hại cuối c&ugrave;ng l&agrave; 50,84 điểm tương ứng 3,77% c&ograve;n 1.296,3 điểm.</p>\n\n<p>Mức giảm s&acirc;u khiến vốn h&oacute;a to&agrave;n thị trường bị &quot;thổi bay&quot; hơn 248.000 tỷ đồng (10,7 tỷ USD), trong đ&oacute;, ri&ecirc;ng s&agrave;n HSX sụt giảm 190.600 tỷ đồng gi&aacute; trị vốn h&oacute;a (tương ứng 8,2 tỷ USD).</p>\n\n<p>To&agrave;n thị trường c&oacute; 841 m&atilde; giảm gi&aacute;, 164 m&atilde; giảm s&agrave;n, &aacute;p đảo ho&agrave;n to&agrave;n so với 133 m&atilde; tăng, 19 m&atilde; tăng trần.</p>\n\n<p>Dữ liệu tr&ecirc;n <em>Bloomberg</em> cho thấy, tại mức đ&oacute;ng cửa phi&ecirc;n 12/7, định gi&aacute; P/E của VN-Index đ&atilde; hạ xuống c&ograve;n 17,77 v&agrave; theo đ&oacute;, thị trường chứng kho&aacute;n Việt Nam đ&atilde; &quot;rẻ hơn&quot; đ&aacute;ng kể so với đầu th&aacute;ng n&agrave;y,&nbsp;khi m&agrave; P/E v&agrave;o khoảng 19,5.</p>\n\n<p>Tới đ&acirc;y, c&aacute;c doanh nghiệp sẽ c&ocirc;ng bố kết quả kinh doanh qu&yacute; II. Với triển vọng kết quả kinh doanh tăng trưởng, định gi&aacute; P/E của thị trường chứng kho&aacute;n Việt được cho sẽ c&ograve;n rẻ hơn.</p>\n</div>\n','Một phiên sụt giảm cực sâu trên thị trường chứng khoán đã \"thổi bay\" gần 11 tỷ USD vốn hóa, đưa P/E thị trường về mức 17,77. Trong khi nhà đầu tư cá nhân bán ồ ạt thì tổ chức lại tích cực giải ngân.','tay%20to-1626803356022.jpg','\"Tay to\" hành động ra sao khi chứng khoán bị bán tháo mạnh',4),(19,'admin','2021-06-27 00:58:27','admin','2021-07-21 00:49:24','<div class=\"dt-news__sapo\">\n<h2>C&aacute;c kiến tr&uacute;c sư đ&atilde; tạo ra điều kỳ diệu cho ng&ocirc;i nh&agrave; ba tầng vốn rất hẹp với diện t&iacute;ch vỏn vẹn 48 m2.</h2>\n</div>\n\n<div class=\"dt-news__content\">\n<p>Căn nh&agrave; nằm trong một con hẻm nhỏ ở TPHCM, được thiết kế cho một kh&aacute;ch h&agrave;ng độc th&acirc;n đang t&igrave;m kiếm nơi b&igrave;nh y&ecirc;n để lui về sau một ng&agrave;y l&agrave;m việc.</p>\n\n<p>Kiến tr&uacute;c sư đ&atilde; tạo ra điều kỳ diệu cho ng&ocirc;i nh&agrave; ba tầng vốn rất hẹp với diện t&iacute;ch vỏn vẹn 48 m2, kh&eacute;o l&eacute;o khiến c&ocirc;ng tr&igrave;nh c&oacute; cảm gi&aacute;c rộng r&atilde;i hơn so với thực tế.</p>\n\n<p>Khoảng kh&ocirc;ng gian ngo&agrave;i trời đ&atilde; được chuyển đổi th&agrave;nh một s&acirc;n trong, được trang tr&iacute; bằng c&aacute;c loại c&acirc;y v&agrave; đ&oacute;ng vai tr&ograve; như sảnh tiếp kh&aacute;ch.</p>\n\n<p>&quot;Khoảng s&acirc;n v&agrave; c&acirc;y xanh gắn liền với nh&agrave; bếp v&agrave; kh&ocirc;ng gian ăn uống gi&uacute;p chủ nh&acirc;n ng&ocirc;i nh&agrave; thư gi&atilde;n hơn khi ăn một m&igrave;nh&quot;, kiến tr&uacute;c sư n&oacute;i về c&aacute;ch bố tr&iacute; tầng trệt.</p>\n\n<p>Cắt dọc theo chiều d&agrave;i của ng&ocirc;i nh&agrave; l&agrave; một cửa sổ k&iacute;nh với c&aacute;c h&igrave;nh khối tự nhi&ecirc;n. Khu vực ph&ograve;ng kh&aacute;ch tr&ecirc;n tầng hai v&agrave; ph&ograve;ng ngủ ở tầng ba lu&ocirc;n đ&oacute;n nhận được &aacute;nh s&aacute;ng mặt trời tự nhi&ecirc;n.</p>\n\n<p>Mặc d&ugrave; c&oacute; diện t&iacute;ch s&agrave;n nhỏ gọn, giống hầu hết c&aacute;c ng&ocirc;i nh&agrave; ở phố thị kh&aacute;c, căn nh&agrave; vẫn lu&ocirc;n đ&oacute;n được luồng kh&iacute; nhẹ nh&agrave;ng v&agrave; tho&aacute;ng m&aacute;t.</p>\n\n<p>Đặc biệt, c&aacute;c kiến tr&uacute;c sư đ&atilde; tạo ra cho ng&ocirc;i nh&agrave; một t&iacute;nh năng đ&aacute;ng mơ ước: Giếng trời tr&ecirc;n ph&ograve;ng ngủ, tạo ra tầm nh&igrave;n tuyệt đẹp cho chủ nh&acirc;n ng&ocirc;i nh&agrave;.</p>\n</div>\n','Các kiến trúc sư đã tạo ra điều kỳ diệu cho ngôi nhà ba tầng vốn rất hẹp với diện tích vỏn vẹn 48 m2.','alonehousestoryarchitecture11scaled-1626803364368.jpg','Nhà phố chỉ 48 m2 tuyệt đẹp của chàng trai độc thân ở Sài Gòn ',5);
/*!40000 ALTER TABLE `new` ENABLE KEYS */;
UNLOCK TABLES;

--
-- Table structure for table `role`
--

DROP TABLE IF EXISTS `role`;
/*!40101 SET @saved_cs_client     = @@character_set_client */;
/*!50503 SET character_set_client = utf8mb4 */;
CREATE TABLE `role` (
  `id` bigint NOT NULL AUTO_INCREMENT,
  `createdby` varchar(255) DEFAULT NULL,
  `createddate` datetime DEFAULT NULL,
  `modifiedby` varchar(255) DEFAULT NULL,
  `modifieddate` datetime DEFAULT NULL,
  `code` varchar(255) DEFAULT NULL,
  `name` varchar(255) DEFAULT NULL,
  PRIMARY KEY (`id`)
) ENGINE=InnoDB AUTO_INCREMENT=4 DEFAULT CHARSET=utf8;
/*!40101 SET character_set_client = @saved_cs_client */;

--
-- Dumping data for table `role`
--

LOCK TABLES `role` WRITE;
/*!40000 ALTER TABLE `role` DISABLE KEYS */;
INSERT INTO `role` VALUES (1,'admin','2021-06-14 12:30:44','admin','2021-06-14 12:30:44','ADMIN','Quản trị'),(2,'admin','2021-06-14 13:30:44','admin','2021-06-14 13:30:44','USER','Người dùng'),(3,'admin','2021-06-14 14:30:44','admin','2021-06-14 14:30:44','GUEST','Khách');
/*!40000 ALTER TABLE `role` ENABLE KEYS */;
UNLOCK TABLES;

--
-- Table structure for table `user`
--

DROP TABLE IF EXISTS `user`;
/*!40101 SET @saved_cs_client     = @@character_set_client */;
/*!50503 SET character_set_client = utf8mb4 */;
CREATE TABLE `user` (
  `id` bigint NOT NULL AUTO_INCREMENT,
  `createdby` varchar(255) DEFAULT NULL,
  `createddate` datetime DEFAULT NULL,
  `modifiedby` varchar(255) DEFAULT NULL,
  `modifieddate` datetime DEFAULT NULL,
  `fullname` varchar(255) DEFAULT NULL,
  `password` varchar(255) DEFAULT NULL,
  `status` int DEFAULT NULL,
  `username` varchar(255) DEFAULT NULL,
  PRIMARY KEY (`id`)
) ENGINE=InnoDB AUTO_INCREMENT=13 DEFAULT CHARSET=utf8;
/*!40101 SET character_set_client = @saved_cs_client */;

--
-- Dumping data for table `user`
--

LOCK TABLES `user` WRITE;
/*!40000 ALTER TABLE `user` DISABLE KEYS */;
INSERT INTO `user` VALUES (1,'admin','2021-06-13 22:39:18','admin','2021-06-13 22:39:20','adminadmin','$2a$10$/RUbuT9KIqk6f8enaTQiLOXzhnUkiwEJRdtzdrMXXwU7dgnLKTCYG',1,'admin'),(2,'admin','2021-06-13 22:39:19','admin','2021-06-13 22:39:19','test001test001','$2a$10$/RUbuT9KIqk6f8enaTQiLOXzhnUkiwEJRdtzdrMXXwU7dgnLKTCYG',1,'test001'),(5,'admin','2021-06-13 22:39:20','admin','2021-06-13 23:25:05','test004test004','$2a$10$AlWzTWmgnYICgTACd5mMR.i4Kdt8XH.vcHWmkO.OFQqI2LoA9ZcZS',1,'test004'),(6,'admin','2021-06-13 22:48:35','admin','2021-06-13 22:48:35','test005test005','$2a$10$sC64HlAqTeDlaWHfxkmntefAOGp8CguWQIsispPmodVbUJgps.kmu',1,'test005'),(7,'anonymousUser','2021-07-26 20:18:21','anonymousUser','2021-07-26 20:18:21','useruser01','$2a$10$YjrUAn.08bYjbGpB.d.2Y.7DXMbo5WfUSJ9naUMJUHS3EgefqKQ56',1,'user01'),(8,'anonymousUser','2021-07-27 07:38:32','anonymousUser','2021-07-27 07:38:32','useruser02','$2a$10$y2MpOiBtHb/4f9q/p1noOeTpV6mzcPRCQLW0CbuYhtx.rQ3cE0fK.',1,'user02'),(9,'anonymousUser','2021-07-27 09:26:28','anonymousUser','2021-07-27 09:26:28','useruser03','$2a$10$i2yZUsaK.V5h3yin7klVUuKx4IzdU6v3TTPWD7Hdk.MxswLMFmlJy',1,'user03'),(10,'anonymousUser','2021-07-27 16:44:19','anonymousUser','2021-07-27 16:44:19','user04user04','$2a$10$QqLKCXo5dl2.s2XA6Ekhk.fk5lab2g0l03oh6Qv5wtP/Xg1NNe87W',1,'user04'),(12,'admin','2021-07-30 14:05:01','admin','2021-07-30 14:05:01','user05user05','$2a$10$Zd9WvqBrQaJLL3jAxU6woOg231FXrtHChrnnOIokQK0u2oPlMlW1G',1,'user05');
/*!40000 ALTER TABLE `user` ENABLE KEYS */;
UNLOCK TABLES;

--
-- Table structure for table `user_role`
--

DROP TABLE IF EXISTS `user_role`;
/*!40101 SET @saved_cs_client     = @@character_set_client */;
/*!50503 SET character_set_client = utf8mb4 */;
CREATE TABLE `user_role` (
  `userid` bigint NOT NULL,
  `roleid` bigint NOT NULL,
  KEY `FK_jpkvqqgndeonhr2alguthv64e` (`roleid`),
  KEY `FK_jwv62hhuqojjk7pot7kaex3e1` (`userid`),
  CONSTRAINT `FK_jpkvqqgndeonhr2alguthv64e` FOREIGN KEY (`roleid`) REFERENCES `role` (`id`),
  CONSTRAINT `FK_jwv62hhuqojjk7pot7kaex3e1` FOREIGN KEY (`userid`) REFERENCES `user` (`id`)
) ENGINE=InnoDB DEFAULT CHARSET=utf8;
/*!40101 SET character_set_client = @saved_cs_client */;

--
-- Dumping data for table `user_role`
--

LOCK TABLES `user_role` WRITE;
/*!40000 ALTER TABLE `user_role` DISABLE KEYS */;
INSERT INTO `user_role` VALUES (1,1),(2,2),(2,3),(5,3),(5,2),(6,2),(7,2),(8,2),(9,2),(10,2),(12,2),(12,3);
/*!40000 ALTER TABLE `user_role` ENABLE KEYS */;
UNLOCK TABLES;
/*!40103 SET TIME_ZONE=@OLD_TIME_ZONE */;

/*!40101 SET SQL_MODE=@OLD_SQL_MODE */;
/*!40014 SET FOREIGN_KEY_CHECKS=@OLD_FOREIGN_KEY_CHECKS */;
/*!40014 SET UNIQUE_CHECKS=@OLD_UNIQUE_CHECKS */;
/*!40101 SET CHARACTER_SET_CLIENT=@OLD_CHARACTER_SET_CLIENT */;
/*!40101 SET CHARACTER_SET_RESULTS=@OLD_CHARACTER_SET_RESULTS */;
/*!40101 SET COLLATION_CONNECTION=@OLD_COLLATION_CONNECTION */;
/*!40111 SET SQL_NOTES=@OLD_SQL_NOTES */;

-- Dump completed on 2021-08-01  9:46:27
